timestamp,temperature,pressure,humidity,temperature_status,pressure_status,humidity_status
2023-01-01 00:00:00,28.1,105.27,32.26,normal,normal,anomalous
2023-01-01 00:05:00,22.53,102.69,71.83,anomalous,normal,anomalous
2023-01-01 00:10:00,34.63,100.23,65.88,normal,normal,normal
2023-01-01 00:15:00,25.32,81.32,74.68,normal,anomalous,anomalous
2023-01-01 00:20:00,28.75,97.69,42.93,normal,normal,normal
2023-01-01 00:25:00,22.56,108.99,71.43,anomalous,normal,anomalous
2023-01-01 00:30:00,29.44,86.49,72.46,normal,anomalous,anomalous
2023-01-01 00:35:00,32.41,118.77,69.15,normal,anomalous,normal
2023-01-01 00:40:00,26.84,102.7,64.98,normal,normal,normal
2023-01-01 00:45:00,39.04,119.94,44.84,anomalous,anomalous,normal
2023-01-01 00:50:00,37.37,104.79,77.32,anomalous,normal,anomalous
2023-01-01 00:55:00,28.91,97.73,39.65,normal,normal,anomalous
2023-01-01 01:00:00,35.3,90.47,47.59,anomalous,normal,normal
2023-01-01 01:05:00,36.41,103.36,61.0,anomalous,normal,normal
2023-01-01 01:10:00,21.2,83.03,64.88,anomalous,anomalous,normal
2023-01-01 01:15:00,38.93,101.66,31.29,anomalous,normal,anomalous
2023-01-01 01:20:00,31.16,117.37,58.38,normal,anomalous,normal
2023-01-01 01:25:00,39.32,99.65,54.36,anomalous,normal,normal
2023-01-01 01:30:00,24.51,95.84,33.49,anomalous,normal,anomalous
2023-01-01 01:35:00,21.75,89.75,75.82,anomalous,anomalous,anomalous
2023-01-01 01:40:00,35.15,105.59,74.91,anomalous,normal,anomalous
2023-01-01 01:45:00,32.23,111.26,58.46,normal,anomalous,normal
2023-01-01 01:50:00,32.57,96.66,77.71,normal,normal,anomalous
2023-01-01 01:55:00,26.55,83.18,42.62,normal,anomalous,normal
2023-01-01 02:00:00,27.93,114.06,63.84,normal,anomalous,normal
2023-01-01 02:05:00,37.79,84.11,36.48,anomalous,anomalous,anomalous
2023-01-01 02:10:00,35.62,92.91,59.08,anomalous,normal,normal
2023-01-01 02:15:00,21.6,90.68,52.9,anomalous,normal,normal
2023-01-01 02:20:00,34.99,89.58,53.25,normal,anomalous,normal
2023-01-01 02:25:00,21.12,80.19,33.01,anomalous,anomalous,anomalous
2023-01-01 02:30:00,21.81,82.77,76.43,anomalous,anomalous,anomalous
2023-01-01 02:35:00,29.2,115.06,30.36,normal,anomalous,anomalous
2023-01-01 02:40:00,20.72,117.23,57.81,anomalous,anomalous,normal
2023-01-01 02:45:00,23.31,99.68,67.46,anomalous,normal,normal
2023-01-01 02:50:00,21.72,88.8,32.22,anomalous,anomalous,anomalous
2023-01-01 02:55:00,32.64,85.91,71.05,normal,anomalous,anomalous
2023-01-01 03:00:00,35.46,112.52,42.03,anomalous,anomalous,normal
2023-01-01 03:05:00,25.84,111.35,65.86,normal,anomalous,normal
2023-01-01 03:10:00,28.49,98.23,34.35,normal,normal,anomalous
2023-01-01 03:15:00,23.96,83.43,48.94,anomalous,anomalous,normal
2023-01-01 03:20:00,39.58,101.23,40.48,anomalous,normal,normal
2023-01-01 03:25:00,39.6,85.69,48.58,anomalous,anomalous,normal
2023-01-01 03:30:00,39.76,94.62,53.38,anomalous,normal,normal
2023-01-01 03:35:00,21.92,81.14,73.26,anomalous,anomalous,anomalous
2023-01-01 03:40:00,37.05,80.88,45.79,anomalous,anomalous,normal
2023-01-01 03:45:00,32.38,90.93,79.65,normal,normal,anomalous
2023-01-01 03:50:00,29.56,109.37,65.85,normal,normal,normal
2023-01-01 03:55:00,30.64,86.51,33.15,normal,anomalous,anomalous
2023-01-01 04:00:00,30.38,84.56,31.91,normal,anomalous,anomalous
2023-01-01 04:05:00,38.96,91.39,61.57,anomalous,normal,normal
2023-01-01 04:10:00,23.77,104.83,36.58,anomalous,normal,anomalous
2023-01-01 04:15:00,32.15,105.24,31.72,normal,normal,anomalous
2023-01-01 04:20:00,36.93,107.6,48.7,anomalous,normal,normal
2023-01-01 04:25:00,25.79,115.88,74.48,normal,anomalous,anomalous
2023-01-01 04:30:00,27.62,81.37,70.68,normal,anomalous,anomalous
2023-01-01 04:35:00,34.48,100.54,78.67,normal,normal,anomalous
2023-01-01 04:40:00,37.81,96.8,77.77,anomalous,normal,anomalous
2023-01-01 04:45:00,31.47,92.91,41.39,normal,normal,normal
2023-01-01 04:50:00,38.28,108.51,38.13,anomalous,normal,anomalous
2023-01-01 04:55:00,27.43,86.89,79.1,normal,anomalous,anomalous
2023-01-01 05:00:00,31.58,113.0,36.81,normal,anomalous,anomalous
2023-01-01 05:05:00,27.14,85.4,60.89,normal,anomalous,normal
2023-01-01 05:10:00,23.01,88.98,75.08,anomalous,anomalous,anomalous
2023-01-01 05:15:00,31.11,119.36,43.65,normal,anomalous,normal
2023-01-01 05:20:00,26.07,81.2,60.63,normal,anomalous,normal
2023-01-01 05:25:00,23.3,100.99,63.73,anomalous,normal,normal
2023-01-01 05:30:00,36.73,117.61,66.89,anomalous,anomalous,normal
2023-01-01 05:35:00,36.79,86.93,34.75,anomalous,anomalous,anomalous
2023-01-01 05:40:00,26.89,112.07,39.5,normal,anomalous,anomalous
2023-01-01 05:45:00,25.31,81.25,41.58,normal,anomalous,normal
2023-01-01 05:50:00,39.44,118.99,70.19,anomalous,anomalous,anomalous
2023-01-01 05:55:00,39.47,109.91,48.24,anomalous,normal,normal
2023-01-01 06:00:00,33.87,115.33,48.44,normal,anomalous,normal
2023-01-01 06:05:00,25.12,89.11,36.75,normal,anomalous,anomalous
2023-01-01 06:10:00,33.12,119.52,55.99,normal,anomalous,normal
2023-01-01 06:15:00,30.78,90.54,35.3,normal,normal,anomalous
2023-01-01 06:20:00,28.7,108.91,37.0,normal,normal,anomalous
2023-01-01 06:25:00,26.84,92.12,72.96,normal,normal,anomalous
2023-01-01 06:30:00,37.81,93.08,52.01,anomalous,normal,normal
2023-01-01 06:35:00,22.28,107.52,67.07,anomalous,normal,normal
2023-01-01 06:40:00,21.46,103.69,49.67,anomalous,normal,normal
2023-01-01 06:45:00,33.06,119.59,72.99,normal,anomalous,anomalous
2023-01-01 06:50:00,20.62,112.43,48.43,anomalous,anomalous,normal
2023-01-01 06:55:00,28.02,117.44,32.84,normal,anomalous,anomalous
2023-01-01 07:00:00,22.17,118.23,37.52,anomalous,anomalous,anomalous
2023-01-01 07:05:00,32.87,118.1,42.15,normal,anomalous,normal
2023-01-01 07:10:00,28.58,88.16,52.56,normal,anomalous,normal
2023-01-01 07:15:00,24.35,111.61,37.47,anomalous,anomalous,anomalous
2023-01-01 07:20:00,20.05,116.39,50.38,anomalous,anomalous,normal
2023-01-01 07:25:00,33.53,82.45,43.49,normal,anomalous,normal
2023-01-01 07:30:00,22.76,100.9,46.13,anomalous,normal,normal
2023-01-01 07:35:00,34.09,80.85,61.53,normal,anomalous,normal
2023-01-01 07:40:00,38.52,95.99,38.94,anomalous,normal,anomalous
2023-01-01 07:45:00,37.82,119.1,40.39,anomalous,anomalous,normal
2023-01-01 07:50:00,39.37,81.0,46.94,anomalous,anomalous,normal
2023-01-01 07:55:00,28.63,117.13,60.99,normal,anomalous,normal
2023-01-01 08:00:00,35.6,81.45,64.1,anomalous,anomalous,normal
2023-01-01 08:05:00,20.33,110.23,62.89,anomalous,anomalous,normal
2023-01-01 08:10:00,26.6,115.57,30.31,normal,anomalous,anomalous
2023-01-01 08:15:00,30.13,111.01,38.79,normal,anomalous,anomalous
2023-01-01 08:20:00,20.77,99.94,36.88,anomalous,normal,anomalous
2023-01-01 08:25:00,30.52,106.81,54.32,normal,normal,normal
2023-01-01 08:30:00,20.47,113.0,33.14,anomalous,anomalous,anomalous
2023-01-01 08:35:00,38.48,110.53,57.85,anomalous,anomalous,normal
2023-01-01 08:40:00,33.3,107.32,48.15,normal,normal,normal
2023-01-01 08:45:00,37.35,102.1,73.29,anomalous,normal,anomalous
2023-01-01 08:50:00,25.71,83.41,53.92,normal,anomalous,normal
2023-01-01 08:55:00,26.46,97.02,32.06,normal,normal,anomalous
2023-01-01 09:00:00,20.55,111.06,76.43,anomalous,anomalous,anomalous
2023-01-01 09:05:00,31.65,108.77,77.39,normal,normal,anomalous
2023-01-01 09:10:00,24.84,90.84,51.19,anomalous,normal,normal
2023-01-01 09:15:00,38.9,81.95,62.96,anomalous,anomalous,normal
2023-01-01 09:20:00,34.42,99.37,42.43,normal,normal,normal
2023-01-01 09:25:00,22.8,108.34,52.26,anomalous,normal,normal
2023-01-01 09:30:00,33.36,95.92,63.42,normal,normal,normal
2023-01-01 09:35:00,23.42,103.89,31.12,anomalous,normal,anomalous
2023-01-01 09:40:00,35.32,111.89,67.64,anomalous,anomalous,normal
2023-01-01 09:45:00,26.17,91.15,53.7,normal,normal,normal
2023-01-01 09:50:00,31.92,89.28,73.64,normal,anomalous,anomalous
2023-01-01 09:55:00,29.52,89.85,65.38,normal,anomalous,normal
2023-01-01 10:00:00,28.88,98.31,72.48,normal,normal,anomalous
2023-01-01 10:05:00,22.94,95.03,79.16,anomalous,normal,anomalous
2023-01-01 10:10:00,20.93,118.16,36.39,anomalous,anomalous,anomalous
2023-01-01 10:15:00,21.61,116.64,58.36,anomalous,anomalous,normal
2023-01-01 10:20:00,34.67,100.88,43.09,normal,normal,normal
2023-01-01 10:25:00,36.82,90.32,69.75,anomalous,normal,normal
2023-01-01 10:30:00,22.79,85.72,51.49,anomalous,anomalous,normal
2023-01-01 10:35:00,36.77,108.76,44.01,anomalous,normal,normal
2023-01-01 10:40:00,22.5,94.45,70.19,anomalous,normal,anomalous
2023-01-01 10:45:00,30.57,106.27,30.64,normal,normal,anomalous
2023-01-01 10:50:00,39.53,98.04,50.26,anomalous,normal,normal
2023-01-01 10:55:00,21.48,103.02,49.56,anomalous,normal,normal
2023-01-01 11:00:00,35.42,116.69,35.96,anomalous,anomalous,anomalous
2023-01-01 11:05:00,21.17,89.82,30.11,anomalous,anomalous,anomalous
2023-01-01 11:10:00,24.31,87.21,32.12,anomalous,anomalous,anomalous
2023-01-01 11:15:00,34.31,81.26,77.88,normal,anomalous,anomalous
2023-01-01 11:20:00,20.37,113.46,77.07,anomalous,anomalous,anomalous
2023-01-01 11:25:00,37.39,96.75,48.99,anomalous,normal,normal
2023-01-01 11:30:00,32.86,93.25,48.99,normal,normal,normal
2023-01-01 11:35:00,30.74,112.84,55.65,normal,anomalous,normal
2023-01-01 11:40:00,28.57,87.14,37.97,normal,anomalous,anomalous
2023-01-01 11:45:00,20.51,103.18,47.26,anomalous,normal,normal
2023-01-01 11:50:00,31.33,94.9,61.01,normal,normal,normal
2023-01-01 11:55:00,23.94,107.06,36.15,anomalous,normal,anomalous
2023-01-01 12:00:00,34.79,105.02,35.95,normal,normal,anomalous
2023-01-01 12:05:00,36.13,86.95,44.74,anomalous,anomalous,normal
2023-01-01 12:10:00,32.8,111.83,30.27,normal,anomalous,anomalous
2023-01-01 12:15:00,28.26,94.19,63.09,normal,normal,normal
2023-01-01 12:20:00,39.0,92.82,38.08,anomalous,normal,anomalous
2023-01-01 12:25:00,27.84,84.36,78.5,normal,anomalous,anomalous
2023-01-01 12:30:00,29.26,100.84,49.83,normal,normal,normal
2023-01-01 12:35:00,26.36,109.19,64.72,normal,normal,normal
2023-01-01 12:40:00,20.77,101.8,79.84,anomalous,normal,anomalous
2023-01-01 12:45:00,39.69,100.51,65.85,anomalous,normal,normal
2023-01-01 12:50:00,34.74,92.17,54.69,normal,normal,normal
2023-01-01 12:55:00,20.52,105.38,68.12,anomalous,normal,normal
2023-01-01 13:00:00,26.53,104.66,47.31,normal,normal,normal
2023-01-01 13:05:00,37.23,85.88,49.37,anomalous,anomalous,normal
2023-01-01 13:10:00,24.52,90.77,43.19,anomalous,normal,normal
2023-01-01 13:15:00,36.44,118.42,50.7,anomalous,anomalous,normal
2023-01-01 13:20:00,33.75,116.98,60.48,normal,anomalous,normal
2023-01-01 13:25:00,25.6,80.32,76.45,normal,anomalous,anomalous
2023-01-01 13:30:00,38.54,95.94,55.51,anomalous,normal,normal
2023-01-01 13:35:00,39.44,101.46,67.11,anomalous,normal,normal
2023-01-01 13:40:00,30.74,103.26,59.78,normal,normal,normal
2023-01-01 13:45:00,20.87,96.9,75.6,anomalous,normal,anomalous
2023-01-01 13:50:00,21.12,93.74,53.86,anomalous,normal,normal
2023-01-01 13:55:00,32.3,87.49,53.91,normal,anomalous,normal
2023-01-01 14:00:00,29.79,116.72,67.56,normal,anomalous,normal
2023-01-01 14:05:00,20.9,109.31,36.36,anomalous,normal,anomalous
2023-01-01 14:10:00,21.05,114.45,50.87,anomalous,anomalous,normal
2023-01-01 14:15:00,33.07,92.42,38.29,normal,normal,anomalous
2023-01-01 14:20:00,36.35,102.66,36.27,anomalous,normal,anomalous
2023-01-01 14:25:00,32.59,117.89,79.9,normal,anomalous,anomalous
2023-01-01 14:30:00,30.02,94.8,39.54,normal,normal,anomalous
2023-01-01 14:35:00,26.52,100.04,76.73,normal,normal,anomalous
2023-01-01 14:40:00,22.68,104.66,64.19,anomalous,normal,normal
2023-01-01 14:45:00,34.83,102.53,33.58,normal,normal,anomalous
2023-01-01 14:50:00,21.86,115.88,54.28,anomalous,anomalous,normal
2023-01-01 14:55:00,34.09,103.05,75.58,normal,normal,anomalous
2023-01-01 15:00:00,21.89,80.12,73.36,anomalous,anomalous,anomalous
2023-01-01 15:05:00,37.83,106.47,44.65,anomalous,normal,normal
2023-01-01 15:10:00,22.29,102.23,36.28,anomalous,normal,anomalous
2023-01-01 15:15:00,29.64,96.69,32.95,normal,normal,anomalous
2023-01-01 15:20:00,38.1,90.52,76.73,anomalous,normal,anomalous
2023-01-01 15:25:00,37.24,104.68,43.45,anomalous,normal,normal
2023-01-01 15:30:00,27.9,102.59,53.86,normal,normal,normal
2023-01-01 15:35:00,23.72,82.15,41.58,anomalous,anomalous,normal
2023-01-01 15:40:00,32.76,86.11,33.45,normal,anomalous,anomalous
2023-01-01 15:45:00,39.26,115.07,76.49,anomalous,anomalous,anomalous
2023-01-01 15:50:00,31.75,105.76,67.08,normal,normal,normal
2023-01-01 15:55:00,26.85,95.28,55.67,normal,normal,normal
2023-01-01 16:00:00,24.09,94.98,47.75,anomalous,normal,normal
2023-01-01 16:05:00,38.13,97.75,77.67,anomalous,normal,anomalous
2023-01-01 16:10:00,23.53,88.95,75.5,anomalous,anomalous,anomalous
2023-01-01 16:15:00,31.18,109.4,33.25,normal,normal,anomalous
2023-01-01 16:20:00,37.02,118.46,75.2,anomalous,anomalous,anomalous
2023-01-01 16:25:00,23.8,91.88,60.3,anomalous,normal,normal
2023-01-01 16:30:00,27.41,109.61,51.58,normal,normal,normal
2023-01-01 16:35:00,26.54,90.15,43.7,normal,normal,normal
2023-01-01 16:40:00,26.28,101.97,69.96,normal,normal,normal
2023-01-01 16:45:00,20.58,114.97,57.99,anomalous,anomalous,normal
2023-01-01 16:50:00,31.26,105.2,65.52,normal,normal,normal
2023-01-01 16:55:00,33.58,86.1,61.66,normal,anomalous,normal
2023-01-01 17:00:00,39.4,103.41,30.31,anomalous,normal,anomalous
2023-01-01 17:05:00,25.76,108.63,48.79,normal,normal,normal
2023-01-01 17:10:00,38.34,101.62,44.29,anomalous,normal,normal
2023-01-01 17:15:00,32.89,88.94,41.21,normal,anomalous,normal
2023-01-01 17:20:00,37.08,92.02,75.54,anomalous,normal,anomalous
2023-01-01 17:25:00,38.07,91.75,78.39,anomalous,normal,anomalous
2023-01-01 17:30:00,31.71,97.46,49.99,normal,normal,normal
2023-01-01 17:35:00,39.18,107.99,56.87,anomalous,normal,normal
2023-01-01 17:40:00,33.73,81.61,44.73,normal,anomalous,normal
2023-01-01 17:45:00,30.98,100.17,34.34,normal,normal,anomalous
2023-01-01 17:50:00,37.71,90.39,65.76,anomalous,normal,normal
2023-01-01 17:55:00,25.59,96.63,64.19,normal,normal,normal
2023-01-01 18:00:00,22.69,102.17,34.89,anomalous,normal,anomalous
2023-01-01 18:05:00,29.36,108.64,75.43,normal,normal,anomalous
2023-01-01 18:10:00,23.12,106.46,45.97,anomalous,normal,normal
2023-01-01 18:15:00,21.75,103.5,72.36,anomalous,normal,anomalous
2023-01-01 18:20:00,23.22,81.41,37.67,anomalous,anomalous,anomalous
2023-01-01 18:25:00,33.59,88.9,48.03,normal,anomalous,normal
2023-01-01 18:30:00,28.76,94.97,43.73,normal,normal,normal
2023-01-01 18:35:00,37.5,103.33,72.48,anomalous,normal,anomalous
2023-01-01 18:40:00,39.98,81.16,75.42,anomalous,anomalous,anomalous
2023-01-01 18:45:00,32.16,88.75,78.58,normal,anomalous,anomalous
2023-01-01 18:50:00,37.55,100.36,64.0,anomalous,normal,normal
2023-01-01 18:55:00,28.11,81.98,32.37,normal,anomalous,anomalous
2023-01-01 19:00:00,23.5,118.3,36.48,anomalous,anomalous,anomalous
2023-01-01 19:05:00,25.06,113.76,62.38,normal,anomalous,normal
2023-01-01 19:10:00,33.18,109.11,68.25,normal,normal,normal
2023-01-01 19:15:00,25.8,80.84,65.0,normal,anomalous,normal
2023-01-01 19:20:00,20.73,85.52,78.25,anomalous,anomalous,anomalous
2023-01-01 19:25:00,29.43,95.24,38.45,normal,normal,anomalous
2023-01-01 19:30:00,20.61,107.56,39.09,anomalous,normal,anomalous
2023-01-01 19:35:00,31.49,105.84,78.66,normal,normal,anomalous
2023-01-01 19:40:00,23.91,95.81,76.82,anomalous,normal,anomalous
2023-01-01 19:45:00,20.96,103.12,55.74,anomalous,normal,normal
2023-01-01 19:50:00,28.94,87.4,44.2,normal,anomalous,normal
2023-01-01 19:55:00,32.97,118.85,55.74,normal,anomalous,normal
2023-01-01 20:00:00,25.45,87.74,65.88,normal,anomalous,normal
2023-01-01 20:05:00,33.3,90.03,37.77,normal,normal,anomalous
2023-01-01 20:10:00,38.17,102.63,63.91,anomalous,normal,normal
2023-01-01 20:15:00,32.7,110.65,55.1,normal,anomalous,normal
2023-01-01 20:20:00,26.78,111.13,54.22,normal,anomalous,normal
2023-01-01 20:25:00,38.14,93.85,43.53,anomalous,normal,normal
2023-01-01 20:30:00,32.59,106.94,47.89,normal,normal,normal
2023-01-01 20:35:00,21.51,104.14,35.63,anomalous,normal,anomalous
2023-01-01 20:40:00,22.31,114.1,53.89,anomalous,anomalous,normal
2023-01-01 20:45:00,24.29,102.52,47.84,anomalous,normal,normal
2023-01-01 20:50:00,20.15,93.29,55.38,anomalous,normal,normal
2023-01-01 20:55:00,22.84,103.47,59.65,anomalous,normal,normal
2023-01-01 21:00:00,27.41,101.71,48.74,normal,normal,normal
2023-01-01 21:05:00,39.68,112.87,66.85,anomalous,anomalous,normal
2023-01-01 21:10:00,26.68,119.39,55.45,normal,anomalous,normal
2023-01-01 21:15:00,35.3,109.72,55.11,anomalous,normal,normal
2023-01-01 21:20:00,31.08,100.35,32.4,normal,normal,anomalous
2023-01-01 21:25:00,20.97,100.14,59.98,anomalous,normal,normal
2023-01-01 21:30:00,34.66,101.55,50.89,normal,normal,normal
2023-01-01 21:35:00,38.27,99.41,71.12,anomalous,normal,anomalous
2023-01-01 21:40:00,37.33,94.22,77.41,anomalous,normal,anomalous
2023-01-01 21:45:00,21.05,111.67,43.2,anomalous,anomalous,normal
2023-01-01 21:50:00,33.43,89.09,54.55,normal,anomalous,normal
2023-01-01 21:55:00,35.65,96.21,59.56,anomalous,normal,normal
2023-01-01 22:00:00,39.01,117.62,75.61,anomalous,anomalous,anomalous
2023-01-01 22:05:00,23.97,109.33,50.84,anomalous,normal,normal
2023-01-01 22:10:00,21.92,88.91,46.39,anomalous,anomalous,normal
2023-01-01 22:15:00,26.98,119.08,46.31,normal,anomalous,normal
2023-01-01 22:20:00,30.74,98.0,66.16,normal,normal,normal
2023-01-01 22:25:00,24.2,84.84,60.88,anomalous,anomalous,normal
2023-01-01 22:30:00,36.82,111.99,50.86,anomalous,anomalous,normal
2023-01-01 22:35:00,21.83,95.88,46.31,anomalous,normal,normal
2023-01-01 22:40:00,33.42,93.1,76.47,normal,normal,anomalous
2023-01-01 22:45:00,36.13,95.47,53.2,anomalous,normal,normal
2023-01-01 22:50:00,27.11,96.54,48.53,normal,normal,normal
2023-01-01 22:55:00,32.79,97.28,44.2,normal,normal,normal
2023-01-01 23:00:00,28.0,91.9,64.95,normal,normal,normal
2023-01-01 23:05:00,24.76,91.34,65.9,anomalous,normal,normal
2023-01-01 23:10:00,38.79,109.12,77.48,anomalous,normal,anomalous
2023-01-01 23:15:00,37.7,118.51,65.82,anomalous,anomalous,normal
2023-01-01 23:20:00,37.45,110.46,35.19,anomalous,anomalous,anomalous
2023-01-01 23:25:00,36.96,91.78,40.0,anomalous,normal,normal
2023-01-01 23:30:00,20.49,89.55,34.08,anomalous,anomalous,anomalous
2023-01-01 23:35:00,33.26,87.21,61.46,normal,anomalous,normal
2023-01-01 23:40:00,30.21,103.73,37.43,normal,normal,anomalous
2023-01-01 23:45:00,35.23,99.8,32.85,anomalous,normal,anomalous
2023-01-01 23:50:00,25.33,102.11,54.6,normal,normal,normal
2023-01-01 23:55:00,31.97,103.53,51.18,normal,normal,normal
2023-01-02 00:00:00,33.12,118.6,74.49,normal,anomalous,anomalous
2023-01-02 00:05:00,29.0,98.47,76.84,normal,normal,anomalous
2023-01-02 00:10:00,21.74,85.99,43.62,anomalous,anomalous,normal
2023-01-02 00:15:00,39.46,95.29,50.82,anomalous,normal,normal
2023-01-02 00:20:00,28.65,103.58,58.14,normal,normal,normal
2023-01-02 00:25:00,23.9,94.77,66.11,anomalous,normal,normal
2023-01-02 00:30:00,34.17,119.45,34.46,normal,anomalous,anomalous
2023-01-02 00:35:00,35.92,94.25,46.56,anomalous,normal,normal
2023-01-02 00:40:00,35.4,80.78,41.8,anomalous,anomalous,normal
2023-01-02 00:45:00,33.1,108.29,48.94,normal,normal,normal
2023-01-02 00:50:00,25.58,82.4,63.06,normal,anomalous,normal
2023-01-02 00:55:00,25.7,97.53,57.95,normal,normal,normal
2023-01-02 01:00:00,31.05,107.14,51.1,normal,normal,normal
2023-01-02 01:05:00,37.15,113.95,71.02,anomalous,anomalous,anomalous
2023-01-02 01:10:00,33.24,114.16,30.44,normal,anomalous,anomalous
2023-01-02 01:15:00,34.73,84.26,67.21,normal,anomalous,normal
2023-01-02 01:20:00,28.64,83.18,63.61,normal,anomalous,normal
2023-01-02 01:25:00,31.73,112.83,77.88,normal,anomalous,anomalous
2023-01-02 01:30:00,29.12,93.81,48.67,normal,normal,normal
2023-01-02 01:35:00,26.59,86.06,57.5,normal,anomalous,normal
2023-01-02 01:40:00,32.78,97.41,69.82,normal,normal,normal
2023-01-02 01:45:00,20.22,85.08,62.87,anomalous,anomalous,normal
2023-01-02 01:50:00,23.9,100.68,73.87,anomalous,normal,anomalous
2023-01-02 01:55:00,37.59,115.38,36.18,anomalous,anomalous,anomalous
2023-01-02 02:00:00,31.93,88.3,62.52,normal,anomalous,normal
2023-01-02 02:05:00,24.55,93.79,52.67,anomalous,normal,normal
2023-01-02 02:10:00,28.22,94.59,47.95,normal,normal,normal
2023-01-02 02:15:00,32.29,114.35,77.56,normal,anomalous,anomalous
2023-01-02 02:20:00,36.23,110.67,67.92,anomalous,anomalous,normal
2023-01-02 02:25:00,35.3,106.75,73.91,anomalous,normal,anomalous
2023-01-02 02:30:00,32.97,93.19,40.09,normal,normal,normal
2023-01-02 02:35:00,26.9,116.28,72.16,normal,anomalous,anomalous
2023-01-02 02:40:00,32.06,94.25,79.91,normal,normal,anomalous
2023-01-02 02:45:00,32.04,92.43,67.61,normal,normal,normal
2023-01-02 02:50:00,35.35,83.99,38.04,anomalous,anomalous,anomalous
2023-01-02 02:55:00,36.11,106.69,38.49,anomalous,normal,anomalous
2023-01-02 03:00:00,25.24,115.07,60.38,normal,anomalous,normal
2023-01-02 03:05:00,33.96,85.95,35.02,normal,anomalous,anomalous
2023-01-02 03:10:00,34.36,113.78,55.74,normal,anomalous,normal
2023-01-02 03:15:00,22.42,95.28,74.88,anomalous,normal,anomalous
2023-01-02 03:20:00,29.59,112.98,59.52,normal,anomalous,normal
2023-01-02 03:25:00,21.76,97.2,62.47,anomalous,normal,normal
2023-01-02 03:30:00,29.65,93.66,34.21,normal,normal,anomalous
2023-01-02 03:35:00,34.04,82.92,49.75,normal,anomalous,normal
2023-01-02 03:40:00,23.94,86.15,42.64,anomalous,anomalous,normal
2023-01-02 03:45:00,26.01,80.54,34.22,normal,anomalous,anomalous
2023-01-02 03:50:00,22.34,103.93,37.42,anomalous,normal,anomalous
2023-01-02 03:55:00,33.94,87.76,39.97,normal,anomalous,anomalous
2023-01-02 04:00:00,25.63,109.07,42.31,normal,normal,normal
2023-01-02 04:05:00,36.04,116.3,40.61,anomalous,anomalous,normal
2023-01-02 04:10:00,28.83,97.95,55.65,normal,normal,normal
2023-01-02 04:15:00,37.23,110.55,56.04,anomalous,anomalous,normal
2023-01-02 04:20:00,34.23,99.26,67.24,normal,normal,normal
2023-01-02 04:25:00,25.15,114.52,71.1,normal,anomalous,anomalous
2023-01-02 04:30:00,39.73,93.15,42.85,anomalous,normal,normal
2023-01-02 04:35:00,27.77,95.5,32.84,normal,normal,anomalous
2023-01-02 04:40:00,33.39,114.66,67.71,normal,anomalous,normal
2023-01-02 04:45:00,24.98,87.14,62.37,anomalous,anomalous,normal
2023-01-02 04:50:00,39.54,93.22,79.46,anomalous,normal,anomalous
2023-01-02 04:55:00,34.4,88.22,69.56,normal,anomalous,normal
2023-01-02 05:00:00,25.27,83.54,41.67,normal,anomalous,normal
2023-01-02 05:05:00,36.19,108.42,50.57,anomalous,normal,normal
2023-01-02 05:10:00,21.35,87.05,53.33,anomalous,anomalous,normal
2023-01-02 05:15:00,23.99,110.52,38.63,anomalous,anomalous,anomalous
2023-01-02 05:20:00,35.9,109.81,57.72,anomalous,normal,normal
2023-01-02 05:25:00,36.5,113.95,54.36,anomalous,anomalous,normal
2023-01-02 05:30:00,38.47,110.15,56.8,anomalous,anomalous,normal
2023-01-02 05:35:00,29.27,83.21,42.46,normal,anomalous,normal
2023-01-02 05:40:00,34.67,95.04,30.4,normal,normal,anomalous
2023-01-02 05:45:00,35.26,110.63,62.44,anomalous,anomalous,normal
2023-01-02 05:50:00,23.56,95.3,39.41,anomalous,normal,anomalous
2023-01-02 05:55:00,34.11,95.77,39.02,normal,normal,anomalous
2023-01-02 06:00:00,30.25,117.67,51.14,normal,anomalous,normal
2023-01-02 06:05:00,35.52,109.87,38.69,anomalous,normal,anomalous
2023-01-02 06:10:00,22.2,89.55,73.01,anomalous,anomalous,anomalous
2023-01-02 06:15:00,32.11,86.1,50.66,normal,anomalous,normal
2023-01-02 06:20:00,35.04,119.21,63.51,anomalous,anomalous,normal
2023-01-02 06:25:00,29.33,118.85,69.94,normal,anomalous,normal
2023-01-02 06:30:00,22.46,119.3,48.26,anomalous,anomalous,normal
2023-01-02 06:35:00,27.35,82.51,65.73,normal,anomalous,normal
2023-01-02 06:40:00,38.6,90.02,49.7,anomalous,normal,normal
2023-01-02 06:45:00,34.5,88.48,45.97,normal,anomalous,normal
2023-01-02 06:50:00,31.29,83.1,73.49,normal,anomalous,anomalous
2023-01-02 06:55:00,24.65,85.07,57.1,anomalous,anomalous,normal
2023-01-02 07:00:00,33.01,92.31,66.1,normal,normal,normal
2023-01-02 07:05:00,21.93,115.37,30.97,anomalous,anomalous,anomalous
2023-01-02 07:10:00,32.62,100.63,51.11,normal,normal,normal
2023-01-02 07:15:00,38.09,99.4,42.95,anomalous,normal,normal
2023-01-02 07:20:00,30.53,85.09,59.03,normal,anomalous,normal
2023-01-02 07:25:00,23.37,109.23,53.89,anomalous,normal,normal
2023-01-02 07:30:00,26.56,99.57,58.8,normal,normal,normal
2023-01-02 07:35:00,39.92,105.4,72.39,anomalous,normal,anomalous
2023-01-02 07:40:00,31.19,80.44,61.99,normal,anomalous,normal
2023-01-02 07:45:00,21.66,92.69,56.64,anomalous,normal,normal
2023-01-02 07:50:00,30.91,113.22,54.85,normal,anomalous,normal
2023-01-02 07:55:00,27.36,91.43,42.57,normal,normal,normal
2023-01-02 08:00:00,36.89,103.42,76.47,anomalous,normal,anomalous
2023-01-02 08:05:00,23.12,102.98,68.78,anomalous,normal,normal
2023-01-02 08:10:00,28.11,103.88,76.48,normal,normal,anomalous
2023-01-02 08:15:00,21.78,92.32,50.57,anomalous,normal,normal
2023-01-02 08:20:00,37.89,107.02,75.03,anomalous,normal,anomalous
2023-01-02 08:25:00,33.19,114.47,58.69,normal,anomalous,normal
2023-01-02 08:30:00,21.47,107.22,31.35,anomalous,normal,anomalous
2023-01-02 08:35:00,24.94,107.0,53.44,anomalous,normal,normal
2023-01-02 08:40:00,37.06,106.6,46.12,anomalous,normal,normal
2023-01-02 08:45:00,29.77,102.68,45.47,normal,normal,normal
2023-01-02 08:50:00,27.5,119.93,31.82,normal,anomalous,anomalous
2023-01-02 08:55:00,37.45,108.92,58.17,anomalous,normal,normal
2023-01-02 09:00:00,36.05,98.18,78.81,anomalous,normal,anomalous
2023-01-02 09:05:00,37.85,108.64,79.61,anomalous,normal,anomalous
2023-01-02 09:10:00,21.24,86.93,63.1,anomalous,anomalous,normal
2023-01-02 09:15:00,34.28,89.23,75.76,normal,anomalous,anomalous
2023-01-02 09:20:00,33.37,95.18,61.72,normal,normal,normal
2023-01-02 09:25:00,24.48,84.01,68.53,anomalous,anomalous,normal
2023-01-02 09:30:00,29.34,87.73,52.8,normal,anomalous,normal
2023-01-02 09:35:00,25.59,107.01,41.28,normal,normal,normal
2023-01-02 09:40:00,25.46,111.18,74.93,normal,anomalous,anomalous
2023-01-02 09:45:00,24.87,101.94,60.45,anomalous,normal,normal
2023-01-02 09:50:00,32.73,107.83,60.55,normal,normal,normal
2023-01-02 09:55:00,36.13,80.45,54.4,anomalous,anomalous,normal
2023-01-02 10:00:00,25.16,111.96,75.5,normal,anomalous,anomalous
2023-01-02 10:05:00,39.32,117.98,30.1,anomalous,anomalous,anomalous
2023-01-02 10:10:00,27.89,107.95,31.42,normal,normal,anomalous
2023-01-02 10:15:00,27.38,105.54,37.79,normal,normal,anomalous
2023-01-02 10:20:00,20.65,102.29,70.28,anomalous,normal,anomalous
2023-01-02 10:25:00,28.61,90.37,71.97,normal,normal,anomalous
2023-01-02 10:30:00,25.05,83.45,46.23,normal,anomalous,normal
2023-01-02 10:35:00,32.22,104.04,64.03,normal,normal,normal
2023-01-02 10:40:00,36.21,89.23,33.09,anomalous,anomalous,anomalous
2023-01-02 10:45:00,25.29,90.44,75.61,normal,normal,anomalous
2023-01-02 10:50:00,27.95,80.68,52.82,normal,anomalous,normal
2023-01-02 10:55:00,22.01,119.98,34.66,anomalous,anomalous,anomalous
2023-01-02 11:00:00,25.74,90.29,34.03,normal,normal,anomalous
2023-01-02 11:05:00,37.74,115.19,67.57,anomalous,anomalous,normal
2023-01-02 11:10:00,31.34,107.95,63.59,normal,normal,normal
2023-01-02 11:15:00,28.22,96.77,50.02,normal,normal,normal
2023-01-02 11:20:00,20.12,117.77,63.09,anomalous,anomalous,normal
2023-01-02 11:25:00,26.34,116.36,66.32,normal,anomalous,normal
2023-01-02 11:30:00,38.35,82.37,70.98,anomalous,anomalous,anomalous
2023-01-02 11:35:00,25.25,111.29,62.39,normal,anomalous,normal
2023-01-02 11:40:00,30.28,92.89,66.96,normal,normal,normal
2023-01-02 11:45:00,31.59,115.14,36.18,normal,anomalous,anomalous
2023-01-02 11:50:00,24.56,100.45,66.41,anomalous,normal,normal
2023-01-02 11:55:00,27.55,113.18,61.91,normal,anomalous,normal
2023-01-02 12:00:00,39.57,104.67,43.74,anomalous,normal,normal
2023-01-02 12:05:00,38.78,113.69,48.62,anomalous,anomalous,normal
2023-01-02 12:10:00,31.96,110.19,63.55,normal,anomalous,normal
2023-01-02 12:15:00,26.41,99.33,58.08,normal,normal,normal
2023-01-02 12:20:00,23.37,112.02,32.97,anomalous,anomalous,anomalous
2023-01-02 12:25:00,25.23,112.38,36.11,normal,anomalous,anomalous
2023-01-02 12:30:00,26.59,109.62,42.88,normal,normal,normal
2023-01-02 12:35:00,35.56,88.5,76.88,anomalous,anomalous,anomalous
2023-01-02 12:40:00,26.51,112.82,73.73,normal,anomalous,anomalous
2023-01-02 12:45:00,26.39,87.98,79.54,normal,anomalous,anomalous
2023-01-02 12:50:00,22.92,89.15,52.54,anomalous,anomalous,normal
2023-01-02 12:55:00,28.47,81.98,69.45,normal,anomalous,normal
2023-01-02 13:00:00,37.41,82.99,76.62,anomalous,anomalous,anomalous
2023-01-02 13:05:00,34.6,81.12,30.57,normal,anomalous,anomalous
2023-01-02 13:10:00,23.11,115.74,74.96,anomalous,anomalous,anomalous
2023-01-02 13:15:00,39.57,99.4,76.22,anomalous,normal,anomalous
2023-01-02 13:20:00,35.1,84.58,50.83,anomalous,anomalous,normal
2023-01-02 13:25:00,20.73,93.96,45.91,anomalous,normal,normal
2023-01-02 13:30:00,38.75,97.5,55.73,anomalous,normal,normal
2023-01-02 13:35:00,38.32,89.82,42.66,anomalous,anomalous,normal
2023-01-02 13:40:00,27.99,108.91,43.06,normal,normal,normal
2023-01-02 13:45:00,21.63,86.95,36.93,anomalous,anomalous,anomalous
2023-01-02 13:50:00,28.73,99.93,39.17,normal,normal,anomalous
2023-01-02 13:55:00,27.92,119.65,72.61,normal,anomalous,anomalous
2023-01-02 14:00:00,31.66,84.62,33.31,normal,anomalous,anomalous
2023-01-02 14:05:00,31.56,104.36,65.32,normal,normal,normal
2023-01-02 14:10:00,31.13,96.5,72.46,normal,normal,anomalous
2023-01-02 14:15:00,38.41,96.47,76.35,anomalous,normal,anomalous
2023-01-02 14:20:00,27.26,89.26,57.65,normal,anomalous,normal
2023-01-02 14:25:00,39.47,93.49,66.78,anomalous,normal,normal
2023-01-02 14:30:00,30.45,83.07,57.79,normal,anomalous,normal
2023-01-02 14:35:00,34.27,91.77,47.0,normal,normal,normal
2023-01-02 14:40:00,32.28,119.02,47.44,normal,anomalous,normal
2023-01-02 14:45:00,33.11,87.97,62.77,normal,anomalous,normal
2023-01-02 14:50:00,39.35,87.55,48.33,anomalous,anomalous,normal
2023-01-02 14:55:00,23.09,80.72,38.59,anomalous,anomalous,anomalous
2023-01-02 15:00:00,20.7,90.7,37.52,anomalous,normal,anomalous
2023-01-02 15:05:00,32.85,86.06,31.77,normal,anomalous,anomalous
2023-01-02 15:10:00,39.18,81.17,51.09,anomalous,anomalous,normal
2023-01-02 15:15:00,38.88,86.98,57.27,anomalous,anomalous,normal
2023-01-02 15:20:00,21.99,80.63,76.42,anomalous,anomalous,anomalous
2023-01-02 15:25:00,29.77,119.43,52.83,normal,anomalous,normal
2023-01-02 15:30:00,26.76,119.08,69.92,normal,anomalous,normal
2023-01-02 15:35:00,33.52,110.23,51.68,normal,anomalous,normal
2023-01-02 15:40:00,22.4,84.12,39.96,anomalous,anomalous,anomalous
2023-01-02 15:45:00,37.48,83.52,33.51,anomalous,anomalous,anomalous
2023-01-02 15:50:00,31.22,119.65,61.95,normal,anomalous,normal
2023-01-02 15:55:00,28.16,106.39,42.29,normal,normal,normal
2023-01-02 16:00:00,34.06,93.53,57.65,normal,normal,normal
2023-01-02 16:05:00,30.57,95.89,56.74,normal,normal,normal
2023-01-02 16:10:00,32.32,91.78,68.85,normal,normal,normal
2023-01-02 16:15:00,28.37,96.74,49.66,normal,normal,normal
2023-01-02 16:20:00,28.93,92.53,65.48,normal,normal,normal
2023-01-02 16:25:00,39.18,83.93,31.04,anomalous,anomalous,anomalous
2023-01-02 16:30:00,32.61,107.79,38.42,normal,normal,anomalous
2023-01-02 16:35:00,20.95,119.79,43.13,anomalous,anomalous,normal
2023-01-02 16:40:00,30.03,113.36,37.93,normal,anomalous,anomalous
2023-01-02 16:45:00,25.07,81.87,38.35,normal,anomalous,anomalous
2023-01-02 16:50:00,34.6,91.55,56.2,normal,normal,normal
2023-01-02 16:55:00,31.2,93.75,75.87,normal,normal,anomalous
2023-01-02 17:00:00,28.87,84.6,72.88,normal,anomalous,anomalous
2023-01-02 17:05:00,34.5,99.64,56.69,normal,normal,normal
2023-01-02 17:10:00,24.17,87.9,58.84,anomalous,anomalous,normal
2023-01-02 17:15:00,28.68,93.91,62.72,normal,normal,normal
2023-01-02 17:20:00,24.25,94.8,70.04,anomalous,normal,anomalous
2023-01-02 17:25:00,34.52,104.19,49.23,normal,normal,normal
2023-01-02 17:30:00,25.12,101.02,71.76,normal,normal,anomalous
2023-01-02 17:35:00,30.19,94.84,41.53,normal,normal,normal
2023-01-02 17:40:00,38.48,80.12,40.72,anomalous,anomalous,normal
2023-01-02 17:45:00,31.75,83.45,33.07,normal,anomalous,anomalous
2023-01-02 17:50:00,25.81,97.21,50.25,normal,normal,normal
2023-01-02 17:55:00,28.61,83.93,73.0,normal,anomalous,anomalous
2023-01-02 18:00:00,38.49,102.25,48.0,anomalous,normal,normal
2023-01-02 18:05:00,24.29,101.6,60.91,anomalous,normal,normal
2023-01-02 18:10:00,36.73,80.14,31.96,anomalous,anomalous,anomalous
2023-01-02 18:15:00,21.65,103.37,57.2,anomalous,normal,normal
2023-01-02 18:20:00,33.19,82.01,70.44,normal,anomalous,anomalous
2023-01-02 18:25:00,38.29,90.53,65.38,anomalous,normal,normal
2023-01-02 18:30:00,26.72,118.97,51.19,normal,anomalous,normal
2023-01-02 18:35:00,30.87,111.3,55.15,normal,anomalous,normal
2023-01-02 18:40:00,26.32,105.58,63.16,normal,normal,normal
2023-01-02 18:45:00,26.06,107.5,62.61,normal,normal,normal
2023-01-02 18:50:00,36.4,85.42,54.59,anomalous,anomalous,normal
2023-01-02 18:55:00,36.33,89.58,37.31,anomalous,anomalous,anomalous
2023-01-02 19:00:00,35.62,103.51,65.73,anomalous,normal,normal
2023-01-02 19:05:00,21.16,109.92,49.79,anomalous,normal,normal
2023-01-02 19:10:00,37.99,94.56,35.25,anomalous,normal,anomalous
2023-01-02 19:15:00,34.59,111.34,31.42,normal,anomalous,anomalous
2023-01-02 19:20:00,33.62,103.38,43.08,normal,normal,normal
2023-01-02 19:25:00,34.71,94.65,60.5,normal,normal,normal
2023-01-02 19:30:00,37.31,81.29,50.03,anomalous,anomalous,normal
2023-01-02 19:35:00,31.55,115.32,51.72,normal,anomalous,normal
2023-01-02 19:40:00,33.19,104.89,63.44,normal,normal,normal
2023-01-02 19:45:00,36.22,109.53,62.39,anomalous,normal,normal
2023-01-02 19:50:00,32.76,86.66,35.04,normal,anomalous,anomalous
2023-01-02 19:55:00,20.59,100.87,79.16,anomalous,normal,anomalous
2023-01-02 20:00:00,29.38,92.43,31.79,normal,normal,anomalous
2023-01-02 20:05:00,25.85,86.71,67.88,normal,anomalous,normal
2023-01-02 20:10:00,36.72,110.9,69.26,anomalous,anomalous,normal
2023-01-02 20:15:00,27.66,100.34,34.22,normal,normal,anomalous
2023-01-02 20:20:00,20.19,114.79,39.5,anomalous,anomalous,anomalous
2023-01-02 20:25:00,25.51,115.82,44.1,normal,anomalous,normal
2023-01-02 20:30:00,33.89,89.13,70.64,normal,anomalous,anomalous
2023-01-02 20:35:00,31.35,106.9,31.94,normal,normal,anomalous
2023-01-02 20:40:00,27.18,101.23,77.49,normal,normal,anomalous
2023-01-02 20:45:00,23.77,88.71,61.76,anomalous,anomalous,normal
2023-01-02 20:50:00,31.18,91.29,60.68,normal,normal,normal
2023-01-02 20:55:00,21.01,91.7,78.93,anomalous,normal,anomalous
2023-01-02 21:00:00,24.38,84.99,44.73,anomalous,anomalous,normal
2023-01-02 21:05:00,26.88,101.48,72.28,normal,normal,anomalous
2023-01-02 21:10:00,36.4,105.6,35.52,anomalous,normal,anomalous
2023-01-02 21:15:00,33.39,94.07,42.48,normal,normal,normal
2023-01-02 21:20:00,27.41,89.66,44.02,normal,anomalous,normal
2023-01-02 21:25:00,30.14,96.31,37.81,normal,normal,anomalous
2023-01-02 21:30:00,37.8,94.86,58.6,anomalous,normal,normal
2023-01-02 21:35:00,23.03,111.38,31.29,anomalous,anomalous,anomalous
2023-01-02 21:40:00,35.1,110.18,60.91,anomalous,anomalous,normal
2023-01-02 21:45:00,31.51,108.35,75.22,normal,normal,anomalous
2023-01-02 21:50:00,35.5,101.63,77.14,anomalous,normal,anomalous
2023-01-02 21:55:00,24.9,115.02,57.62,anomalous,anomalous,normal
2023-01-02 22:00:00,28.78,104.06,69.77,normal,normal,normal
2023-01-02 22:05:00,28.9,101.75,30.79,normal,normal,anomalous
2023-01-02 22:10:00,29.05,99.7,51.6,normal,normal,normal
2023-01-02 22:15:00,38.93,103.04,32.91,anomalous,normal,anomalous
2023-01-02 22:20:00,31.67,116.12,57.39,normal,anomalous,normal
2023-01-02 22:25:00,39.48,109.02,36.13,anomalous,normal,anomalous
2023-01-02 22:30:00,27.37,87.11,33.99,normal,anomalous,anomalous
2023-01-02 22:35:00,30.45,102.14,49.73,normal,normal,normal
2023-01-02 22:40:00,37.12,105.14,38.24,anomalous,normal,anomalous
2023-01-02 22:45:00,36.57,89.18,40.95,anomalous,anomalous,normal
2023-01-02 22:50:00,33.02,109.84,74.89,normal,normal,anomalous
2023-01-02 22:55:00,23.63,90.44,67.07,anomalous,normal,normal
2023-01-02 23:00:00,26.53,113.9,47.18,normal,anomalous,normal
2023-01-02 23:05:00,32.16,91.6,61.62,normal,normal,normal
2023-01-02 23:10:00,22.18,93.39,64.05,anomalous,normal,normal
2023-01-02 23:15:00,35.66,107.74,49.12,anomalous,normal,normal
2023-01-02 23:20:00,33.49,83.19,37.97,normal,anomalous,anomalous
2023-01-02 23:25:00,34.68,105.12,34.68,normal,normal,anomalous
2023-01-02 23:30:00,27.92,115.53,58.68,normal,anomalous,normal
2023-01-02 23:35:00,33.79,105.12,75.94,normal,normal,anomalous
2023-01-02 23:40:00,33.82,105.36,64.31,normal,normal,normal
2023-01-02 23:45:00,38.1,101.92,53.92,anomalous,normal,normal
2023-01-02 23:50:00,36.8,106.5,64.05,anomalous,normal,normal
2023-01-02 23:55:00,38.43,91.24,47.59,anomalous,normal,normal
2023-01-03 00:00:00,31.02,94.85,65.99,normal,normal,normal
2023-01-03 00:05:00,26.88,95.43,44.2,normal,normal,normal
2023-01-03 00:10:00,23.28,116.52,31.09,anomalous,anomalous,anomalous
2023-01-03 00:15:00,23.87,99.73,52.76,anomalous,normal,normal
2023-01-03 00:20:00,28.87,95.79,56.83,normal,normal,normal
2023-01-03 00:25:00,23.96,97.9,63.6,anomalous,normal,normal
2023-01-03 00:30:00,29.25,90.69,67.96,normal,normal,normal
2023-01-03 00:35:00,30.17,88.12,56.75,normal,anomalous,normal
2023-01-03 00:40:00,32.03,117.05,43.83,normal,anomalous,normal
2023-01-03 00:45:00,33.59,91.02,49.84,normal,normal,normal
2023-01-03 00:50:00,34.63,99.99,65.37,normal,normal,normal
2023-01-03 00:55:00,31.76,111.57,41.28,normal,anomalous,normal
2023-01-03 01:00:00,31.71,81.38,37.43,normal,anomalous,anomalous
2023-01-03 01:05:00,25.62,102.71,50.84,normal,normal,normal
2023-01-03 01:10:00,32.81,114.58,64.81,normal,anomalous,normal
2023-01-03 01:15:00,35.48,104.66,76.41,anomalous,normal,anomalous
2023-01-03 01:20:00,34.38,86.53,54.42,normal,anomalous,normal
2023-01-03 01:25:00,29.0,90.85,43.7,normal,normal,normal
2023-01-03 01:30:00,39.98,100.57,46.68,anomalous,normal,normal
2023-01-03 01:35:00,34.69,83.08,75.77,normal,anomalous,anomalous
2023-01-03 01:40:00,21.41,90.22,71.38,anomalous,normal,anomalous
2023-01-03 01:45:00,36.12,111.13,38.43,anomalous,anomalous,anomalous
2023-01-03 01:50:00,31.0,113.21,78.9,normal,anomalous,anomalous
2023-01-03 01:55:00,34.39,98.0,55.33,normal,normal,normal
2023-01-03 02:00:00,25.68,95.0,72.14,normal,normal,anomalous
2023-01-03 02:05:00,34.22,101.63,56.31,normal,normal,normal
2023-01-03 02:10:00,28.1,82.49,42.24,normal,anomalous,normal
2023-01-03 02:15:00,25.93,109.54,38.97,normal,normal,anomalous
2023-01-03 02:20:00,33.52,119.04,58.98,normal,anomalous,normal
2023-01-03 02:25:00,21.61,83.44,31.72,anomalous,anomalous,anomalous
2023-01-03 02:30:00,25.89,111.58,41.01,normal,anomalous,normal
2023-01-03 02:35:00,33.74,96.69,77.21,normal,normal,anomalous
2023-01-03 02:40:00,27.8,81.74,39.17,normal,anomalous,anomalous
2023-01-03 02:45:00,33.47,103.86,69.44,normal,normal,normal
2023-01-03 02:50:00,37.74,86.3,54.61,anomalous,anomalous,normal
2023-01-03 02:55:00,23.71,97.74,50.11,anomalous,normal,normal
2023-01-03 03:00:00,26.09,87.02,31.21,normal,anomalous,anomalous
2023-01-03 03:05:00,26.01,109.01,69.04,normal,normal,normal
2023-01-03 03:10:00,35.89,95.79,48.12,anomalous,normal,normal
2023-01-03 03:15:00,33.04,94.07,53.5,normal,normal,normal
2023-01-03 03:20:00,22.96,85.96,33.76,anomalous,anomalous,anomalous
2023-01-03 03:25:00,28.14,92.81,50.08,normal,normal,normal
2023-01-03 03:30:00,37.33,112.48,58.81,anomalous,anomalous,normal
2023-01-03 03:35:00,25.23,83.45,70.08,normal,anomalous,anomalous
2023-01-03 03:40:00,20.95,117.54,33.65,anomalous,anomalous,anomalous
2023-01-03 03:45:00,23.77,93.08,49.83,anomalous,normal,normal
2023-01-03 03:50:00,32.07,113.36,53.71,normal,anomalous,normal
2023-01-03 03:55:00,29.1,90.22,44.01,normal,normal,normal
2023-01-03 04:00:00,32.99,112.0,79.11,normal,anomalous,anomalous
2023-01-03 04:05:00,20.64,110.66,57.31,anomalous,anomalous,normal
2023-01-03 04:10:00,22.03,100.37,38.88,anomalous,normal,anomalous
2023-01-03 04:15:00,21.16,117.01,56.22,anomalous,anomalous,normal
2023-01-03 04:20:00,20.43,80.45,52.37,anomalous,anomalous,normal
2023-01-03 04:25:00,21.07,119.66,66.88,anomalous,anomalous,normal
2023-01-03 04:30:00,32.26,115.83,52.77,normal,anomalous,normal
2023-01-03 04:35:00,21.13,106.0,49.2,anomalous,normal,normal
2023-01-03 04:40:00,38.82,118.37,65.08,anomalous,anomalous,normal
2023-01-03 04:45:00,30.68,116.29,55.68,normal,anomalous,normal
2023-01-03 04:50:00,36.75,90.73,48.82,anomalous,normal,normal
2023-01-03 04:55:00,32.22,82.05,56.2,normal,anomalous,normal
2023-01-03 05:00:00,37.08,109.11,48.07,anomalous,normal,normal
2023-01-03 05:05:00,31.46,117.75,67.51,normal,anomalous,normal
2023-01-03 05:10:00,24.77,114.68,72.54,anomalous,anomalous,anomalous
2023-01-03 05:15:00,33.75,80.42,68.75,normal,anomalous,normal
2023-01-03 05:20:00,22.22,93.59,61.01,anomalous,normal,normal
2023-01-03 05:25:00,36.6,118.21,53.23,anomalous,anomalous,normal
2023-01-03 05:30:00,34.32,112.75,77.08,normal,anomalous,anomalous
2023-01-03 05:35:00,30.4,95.22,42.89,normal,normal,normal
2023-01-03 05:40:00,24.97,101.19,41.06,anomalous,normal,normal
2023-01-03 05:45:00,32.31,85.15,59.44,normal,anomalous,normal
2023-01-03 05:50:00,24.95,85.02,77.9,anomalous,anomalous,anomalous
2023-01-03 05:55:00,37.57,86.47,76.18,anomalous,anomalous,anomalous
2023-01-03 06:00:00,28.58,109.55,57.92,normal,normal,normal
2023-01-03 06:05:00,32.11,100.13,53.08,normal,normal,normal
2023-01-03 06:10:00,34.58,100.79,60.42,normal,normal,normal
2023-01-03 06:15:00,37.61,83.83,47.49,anomalous,anomalous,normal
2023-01-03 06:20:00,24.15,86.18,43.79,anomalous,anomalous,normal
2023-01-03 06:25:00,37.18,115.46,31.7,anomalous,anomalous,anomalous
2023-01-03 06:30:00,32.65,97.3,54.13,normal,normal,normal
2023-01-03 06:35:00,36.39,84.73,38.75,anomalous,anomalous,anomalous
2023-01-03 06:40:00,26.53,85.76,55.48,normal,anomalous,normal
2023-01-03 06:45:00,34.1,80.82,65.42,normal,anomalous,normal
2023-01-03 06:50:00,30.26,80.54,54.06,normal,anomalous,normal
2023-01-03 06:55:00,35.31,93.81,64.48,anomalous,normal,normal
2023-01-03 07:00:00,26.17,110.41,54.25,normal,anomalous,normal
2023-01-03 07:05:00,34.36,99.98,38.79,normal,normal,anomalous
2023-01-03 07:10:00,38.67,114.41,47.22,anomalous,anomalous,normal
2023-01-03 07:15:00,21.94,106.55,38.09,anomalous,normal,anomalous
2023-01-03 07:20:00,28.95,94.37,33.69,normal,normal,anomalous
2023-01-03 07:25:00,22.53,99.17,64.58,anomalous,normal,normal
2023-01-03 07:30:00,33.02,96.9,34.49,normal,normal,anomalous
2023-01-03 07:35:00,38.13,80.56,58.19,anomalous,anomalous,normal
2023-01-03 07:40:00,36.53,90.92,66.8,anomalous,normal,normal
2023-01-03 07:45:00,24.48,95.97,46.75,anomalous,normal,normal
2023-01-03 07:50:00,21.02,118.33,75.09,anomalous,anomalous,anomalous
2023-01-03 07:55:00,38.36,99.82,70.29,anomalous,normal,anomalous
2023-01-03 08:00:00,35.87,99.77,79.89,anomalous,normal,anomalous
2023-01-03 08:05:00,24.6,102.81,61.86,anomalous,normal,normal
2023-01-03 08:10:00,21.05,106.83,33.13,anomalous,normal,anomalous
2023-01-03 08:15:00,35.79,114.31,63.3,anomalous,anomalous,normal
2023-01-03 08:20:00,39.49,86.27,58.39,anomalous,anomalous,normal
2023-01-03 08:25:00,37.16,102.02,59.45,anomalous,normal,normal
2023-01-03 08:30:00,34.16,116.73,49.87,normal,anomalous,normal
2023-01-03 08:35:00,30.33,117.0,69.72,normal,anomalous,normal
2023-01-03 08:40:00,29.33,113.13,46.26,normal,anomalous,normal
2023-01-03 08:45:00,30.31,106.79,70.02,normal,normal,anomalous
2023-01-03 08:50:00,32.51,86.79,58.1,normal,anomalous,normal
2023-01-03 08:55:00,32.37,90.55,54.36,normal,normal,normal
2023-01-03 09:00:00,39.14,113.01,65.76,anomalous,anomalous,normal
2023-01-03 09:05:00,34.79,105.44,51.4,normal,normal,normal
2023-01-03 09:10:00,27.72,92.56,66.59,normal,normal,normal
2023-01-03 09:15:00,36.08,119.74,60.76,anomalous,anomalous,normal
2023-01-03 09:20:00,24.37,89.07,77.19,anomalous,anomalous,anomalous
2023-01-03 09:25:00,25.69,114.22,45.59,normal,anomalous,normal
2023-01-03 09:30:00,24.31,108.33,37.95,anomalous,normal,anomalous
2023-01-03 09:35:00,22.82,90.28,58.4,anomalous,normal,normal
2023-01-03 09:40:00,39.55,101.23,44.72,anomalous,normal,normal
2023-01-03 09:45:00,29.87,115.16,61.32,normal,anomalous,normal
2023-01-03 09:50:00,33.15,109.85,40.78,normal,normal,normal
2023-01-03 09:55:00,22.06,100.37,54.46,anomalous,normal,normal
2023-01-03 10:00:00,25.66,113.35,30.91,normal,anomalous,anomalous
2023-01-03 10:05:00,21.59,83.82,66.46,anomalous,anomalous,normal
2023-01-03 10:10:00,29.27,118.26,60.83,normal,anomalous,normal
2023-01-03 10:15:00,28.48,115.0,59.76,normal,anomalous,normal
2023-01-03 10:20:00,37.04,93.86,33.43,anomalous,normal,anomalous
2023-01-03 10:25:00,24.04,82.49,46.69,anomalous,anomalous,normal
2023-01-03 10:30:00,32.47,81.67,44.61,normal,anomalous,normal
2023-01-03 10:35:00,35.34,106.87,48.76,anomalous,normal,normal
2023-01-03 10:40:00,35.75,92.0,34.25,anomalous,normal,anomalous
2023-01-03 10:45:00,23.48,83.84,73.68,anomalous,anomalous,anomalous
2023-01-03 10:50:00,29.34,98.97,40.63,normal,normal,normal
2023-01-03 10:55:00,24.19,103.09,77.19,anomalous,normal,anomalous
2023-01-03 11:00:00,21.04,109.24,56.29,anomalous,normal,normal
2023-01-03 11:05:00,29.42,97.59,39.88,normal,normal,anomalous
2023-01-03 11:10:00,27.41,84.78,50.35,normal,anomalous,normal
2023-01-03 11:15:00,29.96,86.72,31.02,normal,anomalous,anomalous
2023-01-03 11:20:00,30.02,105.83,49.0,normal,normal,normal
2023-01-03 11:25:00,35.23,91.06,62.4,anomalous,normal,normal
2023-01-03 11:30:00,37.51,114.54,31.08,anomalous,anomalous,anomalous
2023-01-03 11:35:00,32.06,82.36,59.29,normal,anomalous,normal
2023-01-03 11:40:00,28.7,89.61,79.18,normal,anomalous,anomalous
2023-01-03 11:45:00,36.26,87.46,31.53,anomalous,anomalous,anomalous
2023-01-03 11:50:00,29.93,107.69,30.09,normal,normal,anomalous
2023-01-03 11:55:00,27.96,103.59,32.29,normal,normal,anomalous
2023-01-03 12:00:00,37.28,86.64,69.05,anomalous,anomalous,normal
2023-01-03 12:05:00,24.11,92.42,63.11,anomalous,normal,normal
2023-01-03 12:10:00,32.12,91.03,79.43,normal,normal,anomalous
2023-01-03 12:15:00,39.71,110.63,42.29,anomalous,anomalous,normal
2023-01-03 12:20:00,22.66,94.67,63.71,anomalous,normal,normal
2023-01-03 12:25:00,24.97,109.18,51.93,anomalous,normal,normal
2023-01-03 12:30:00,25.8,87.1,68.86,normal,anomalous,normal
2023-01-03 12:35:00,28.18,88.89,66.3,normal,anomalous,normal
2023-01-03 12:40:00,24.12,95.17,70.69,anomalous,normal,anomalous
2023-01-03 12:45:00,39.08,90.01,62.13,anomalous,normal,normal
2023-01-03 12:50:00,35.59,110.88,40.8,anomalous,anomalous,normal
2023-01-03 12:55:00,23.59,85.05,49.35,anomalous,anomalous,normal
2023-01-03 13:00:00,37.5,94.2,52.28,anomalous,normal,normal
2023-01-03 13:05:00,28.72,108.18,48.4,normal,normal,normal
2023-01-03 13:10:00,36.07,119.49,54.7,anomalous,anomalous,normal
2023-01-03 13:15:00,38.53,96.89,69.73,anomalous,normal,normal
2023-01-03 13:20:00,35.62,104.44,62.26,anomalous,normal,normal
2023-01-03 13:25:00,28.49,110.03,41.52,normal,anomalous,normal
2023-01-03 13:30:00,34.06,83.86,32.35,normal,anomalous,anomalous
2023-01-03 13:35:00,20.41,105.72,42.68,anomalous,normal,normal
2023-01-03 13:40:00,34.14,119.05,73.29,normal,anomalous,anomalous
2023-01-03 13:45:00,39.5,92.0,46.8,anomalous,normal,normal
2023-01-03 13:50:00,26.39,104.26,56.5,normal,normal,normal
2023-01-03 13:55:00,22.6,110.02,79.32,anomalous,anomalous,anomalous
2023-01-03 14:00:00,28.04,104.53,43.78,normal,normal,normal
2023-01-03 14:05:00,37.3,96.4,65.11,anomalous,normal,normal
2023-01-03 14:10:00,33.12,98.29,36.09,normal,normal,anomalous
2023-01-03 14:15:00,36.76,109.57,32.41,anomalous,normal,anomalous
2023-01-03 14:20:00,27.1,82.21,71.05,normal,anomalous,anomalous
2023-01-03 14:25:00,23.19,96.07,32.64,anomalous,normal,anomalous
2023-01-03 14:30:00,34.23,93.42,34.71,normal,normal,anomalous
2023-01-03 14:35:00,29.91,112.6,42.92,normal,anomalous,normal
2023-01-03 14:40:00,30.56,101.67,51.38,normal,normal,normal
2023-01-03 14:45:00,20.02,114.05,64.18,anomalous,anomalous,normal
2023-01-03 14:50:00,38.92,102.87,51.49,anomalous,normal,normal
2023-01-03 14:55:00,37.49,102.08,69.69,anomalous,normal,normal
2023-01-03 15:00:00,31.78,110.24,30.53,normal,anomalous,anomalous
2023-01-03 15:05:00,29.96,95.63,34.71,normal,normal,anomalous
2023-01-03 15:10:00,38.09,117.18,70.38,anomalous,anomalous,anomalous
2023-01-03 15:15:00,32.0,110.69,56.13,normal,anomalous,normal
2023-01-03 15:20:00,28.66,80.52,60.04,normal,anomalous,normal
2023-01-03 15:25:00,34.78,82.22,53.96,normal,anomalous,normal
2023-01-03 15:30:00,21.53,104.05,35.7,anomalous,normal,anomalous
2023-01-03 15:35:00,26.65,85.37,79.02,normal,anomalous,anomalous
2023-01-03 15:40:00,27.29,109.81,65.17,normal,normal,normal
2023-01-03 15:45:00,21.08,92.24,78.88,anomalous,normal,anomalous
2023-01-03 15:50:00,24.15,104.63,79.46,anomalous,normal,anomalous
2023-01-03 15:55:00,22.09,95.46,56.43,anomalous,normal,normal
2023-01-03 16:00:00,22.9,106.76,31.31,anomalous,normal,anomalous
2023-01-03 16:05:00,33.26,81.54,56.53,normal,anomalous,normal
2023-01-03 16:10:00,33.68,92.49,71.24,normal,normal,anomalous
2023-01-03 16:15:00,36.25,92.75,42.44,anomalous,normal,normal
2023-01-03 16:20:00,30.71,98.39,54.27,normal,normal,normal
2023-01-03 16:25:00,37.22,114.95,65.91,anomalous,anomalous,normal
2023-01-03 16:30:00,24.53,86.33,63.59,anomalous,anomalous,normal
2023-01-03 16:35:00,34.5,98.73,44.77,normal,normal,normal
2023-01-03 16:40:00,26.68,119.18,32.96,normal,anomalous,anomalous
2023-01-03 16:45:00,27.85,95.46,36.04,normal,normal,anomalous
2023-01-03 16:50:00,23.39,84.88,55.05,anomalous,anomalous,normal
2023-01-03 16:55:00,29.8,95.4,77.73,normal,normal,anomalous
2023-01-03 17:00:00,28.1,103.64,31.67,normal,normal,anomalous
2023-01-03 17:05:00,24.44,87.76,72.42,anomalous,anomalous,anomalous
2023-01-03 17:10:00,25.69,100.27,60.73,normal,normal,normal
2023-01-03 17:15:00,25.08,103.18,59.56,normal,normal,normal
2023-01-03 17:20:00,26.3,97.26,51.63,normal,normal,normal
2023-01-03 17:25:00,21.12,106.39,75.25,anomalous,normal,anomalous
2023-01-03 17:30:00,31.81,97.03,78.96,normal,normal,anomalous
2023-01-03 17:35:00,36.48,90.88,74.69,anomalous,normal,anomalous
2023-01-03 17:40:00,27.92,115.96,59.38,normal,anomalous,normal
2023-01-03 17:45:00,30.86,82.01,69.78,normal,anomalous,normal
2023-01-03 17:50:00,37.3,92.45,62.81,anomalous,normal,normal
2023-01-03 17:55:00,24.64,96.55,70.07,anomalous,normal,anomalous
2023-01-03 18:00:00,23.25,116.47,49.67,anomalous,anomalous,normal
2023-01-03 18:05:00,34.6,94.96,54.85,normal,normal,normal
2023-01-03 18:10:00,36.84,104.58,77.4,anomalous,normal,anomalous
2023-01-03 18:15:00,21.41,89.2,36.55,anomalous,anomalous,anomalous
2023-01-03 18:20:00,35.8,102.63,49.27,anomalous,normal,normal
2023-01-03 18:25:00,37.56,105.55,66.12,anomalous,normal,normal
2023-01-03 18:30:00,32.31,84.07,68.38,normal,anomalous,normal
2023-01-03 18:35:00,32.07,90.16,79.07,normal,normal,anomalous
2023-01-03 18:40:00,28.25,102.74,68.0,normal,normal,normal
2023-01-03 18:45:00,31.28,86.11,34.13,normal,anomalous,anomalous
2023-01-03 18:50:00,29.67,91.13,33.3,normal,normal,anomalous
2023-01-03 18:55:00,21.04,111.82,72.33,anomalous,anomalous,anomalous
2023-01-03 19:00:00,37.78,91.79,56.52,anomalous,normal,normal
2023-01-03 19:05:00,27.93,111.46,45.05,normal,anomalous,normal
2023-01-03 19:10:00,38.3,100.97,57.0,anomalous,normal,normal
2023-01-03 19:15:00,24.15,81.64,39.92,anomalous,anomalous,anomalous
2023-01-03 19:20:00,22.59,115.54,61.88,anomalous,anomalous,normal
2023-01-03 19:25:00,37.83,117.76,52.53,anomalous,anomalous,normal
2023-01-03 19:30:00,35.06,108.95,54.0,anomalous,normal,normal
2023-01-03 19:35:00,23.56,118.27,62.88,anomalous,anomalous,normal
2023-01-03 19:40:00,32.69,119.31,42.66,normal,anomalous,normal
2023-01-03 19:45:00,39.32,85.91,64.45,anomalous,anomalous,normal
2023-01-03 19:50:00,34.6,103.31,41.79,normal,normal,normal
2023-01-03 19:55:00,22.27,100.41,76.37,anomalous,normal,anomalous
2023-01-03 20:00:00,33.04,91.68,36.36,normal,normal,anomalous
2023-01-03 20:05:00,35.19,93.76,41.8,anomalous,normal,normal
2023-01-03 20:10:00,32.26,98.03,33.95,normal,normal,anomalous
2023-01-03 20:15:00,30.36,93.97,56.34,normal,normal,normal
2023-01-03 20:20:00,20.96,96.21,32.61,anomalous,normal,anomalous
2023-01-03 20:25:00,39.87,104.31,69.52,anomalous,normal,normal
2023-01-03 20:30:00,33.4,112.57,32.84,normal,anomalous,anomalous
2023-01-03 20:35:00,35.1,116.88,70.42,anomalous,anomalous,anomalous
2023-01-03 20:40:00,36.33,115.24,71.67,anomalous,anomalous,anomalous
2023-01-03 20:45:00,26.71,102.28,48.53,normal,normal,normal
2023-01-03 20:50:00,39.07,93.05,78.03,anomalous,normal,anomalous
2023-01-03 20:55:00,34.67,103.96,78.6,normal,normal,anomalous
2023-01-03 21:00:00,25.11,89.48,36.66,normal,anomalous,anomalous
2023-01-03 21:05:00,36.52,102.99,55.62,anomalous,normal,normal
2023-01-03 21:10:00,25.59,80.32,33.25,normal,anomalous,anomalous
2023-01-03 21:15:00,37.42,84.78,78.04,anomalous,anomalous,anomalous
2023-01-03 21:20:00,36.9,93.42,34.48,anomalous,normal,anomalous
2023-01-03 21:25:00,28.42,105.78,60.04,normal,normal,normal
2023-01-03 21:30:00,39.85,110.3,67.46,anomalous,anomalous,normal
2023-01-03 21:35:00,34.29,82.9,64.15,normal,anomalous,normal
2023-01-03 21:40:00,34.41,119.39,55.5,normal,anomalous,normal
2023-01-03 21:45:00,37.11,100.48,46.32,anomalous,normal,normal
2023-01-03 21:50:00,22.13,107.12,54.34,anomalous,normal,normal
2023-01-03 21:55:00,25.12,115.11,59.0,normal,anomalous,normal
2023-01-03 22:00:00,22.83,104.26,48.62,anomalous,normal,normal
2023-01-03 22:05:00,30.04,96.36,77.03,normal,normal,anomalous
2023-01-03 22:10:00,22.58,81.74,52.44,anomalous,anomalous,normal
2023-01-03 22:15:00,32.97,111.85,48.59,normal,anomalous,normal
2023-01-03 22:20:00,26.21,90.0,70.28,normal,normal,anomalous
2023-01-03 22:25:00,31.87,101.03,51.92,normal,normal,normal
2023-01-03 22:30:00,33.08,81.06,68.06,normal,anomalous,normal
2023-01-03 22:35:00,38.86,115.74,52.02,anomalous,anomalous,normal
2023-01-03 22:40:00,23.37,110.72,52.21,anomalous,anomalous,normal
2023-01-03 22:45:00,22.15,104.94,71.56,anomalous,normal,anomalous
2023-01-03 22:50:00,26.43,112.6,33.93,normal,anomalous,anomalous
2023-01-03 22:55:00,38.5,99.5,77.95,anomalous,normal,anomalous
2023-01-03 23:00:00,32.11,85.41,69.35,normal,anomalous,normal
2023-01-03 23:05:00,23.26,101.53,37.15,anomalous,normal,anomalous
2023-01-03 23:10:00,26.89,86.2,78.2,normal,anomalous,anomalous
2023-01-03 23:15:00,34.56,96.12,60.41,normal,normal,normal
2023-01-03 23:20:00,38.19,108.02,77.66,anomalous,normal,anomalous
2023-01-03 23:25:00,22.63,92.19,67.18,anomalous,normal,normal
2023-01-03 23:30:00,22.33,87.85,63.73,anomalous,anomalous,normal
2023-01-03 23:35:00,34.65,108.97,56.31,normal,normal,normal
2023-01-03 23:40:00,32.64,83.9,63.42,normal,anomalous,normal
2023-01-03 23:45:00,29.05,83.99,72.43,normal,anomalous,anomalous
2023-01-03 23:50:00,34.41,97.3,57.99,normal,normal,normal
2023-01-03 23:55:00,29.43,88.29,38.24,normal,anomalous,anomalous
2023-01-04 00:00:00,25.53,89.37,67.93,normal,anomalous,normal
2023-01-04 00:05:00,35.28,114.14,47.1,anomalous,anomalous,normal
2023-01-04 00:10:00,39.47,106.4,79.69,anomalous,normal,anomalous
2023-01-04 00:15:00,20.8,91.31,65.35,anomalous,normal,normal
2023-01-04 00:20:00,34.56,87.68,43.16,normal,anomalous,normal
2023-01-04 00:25:00,26.14,116.76,65.13,normal,anomalous,normal
2023-01-04 00:30:00,33.13,109.11,58.68,normal,normal,normal
2023-01-04 00:35:00,36.39,94.42,75.59,anomalous,normal,anomalous
2023-01-04 00:40:00,39.96,88.66,68.91,anomalous,anomalous,normal
2023-01-04 00:45:00,21.21,118.52,64.8,anomalous,anomalous,normal
2023-01-04 00:50:00,25.9,98.9,47.15,normal,normal,normal
2023-01-04 00:55:00,36.3,104.61,32.63,anomalous,normal,anomalous
2023-01-04 01:00:00,39.96,87.7,34.4,anomalous,anomalous,anomalous
2023-01-04 01:05:00,22.04,118.37,42.07,anomalous,anomalous,normal
2023-01-04 01:10:00,37.77,97.93,69.72,anomalous,normal,normal
2023-01-04 01:15:00,35.49,107.26,68.44,anomalous,normal,normal
2023-01-04 01:20:00,26.75,110.38,56.57,normal,anomalous,normal
2023-01-04 01:25:00,28.87,108.79,73.4,normal,normal,anomalous
2023-01-04 01:30:00,37.37,110.05,38.58,anomalous,anomalous,anomalous
2023-01-04 01:35:00,38.24,103.87,41.03,anomalous,normal,normal
2023-01-04 01:40:00,24.91,111.53,62.46,anomalous,anomalous,normal
2023-01-04 01:45:00,28.04,99.79,75.28,normal,normal,anomalous
2023-01-04 01:50:00,28.98,81.29,51.19,normal,anomalous,normal
2023-01-04 01:55:00,26.96,82.16,43.77,normal,anomalous,normal
2023-01-04 02:00:00,24.16,90.38,58.58,anomalous,normal,normal
2023-01-04 02:05:00,24.87,106.83,52.56,anomalous,normal,normal
2023-01-04 02:10:00,31.95,116.55,51.09,normal,anomalous,normal
2023-01-04 02:15:00,26.43,105.78,42.39,normal,normal,normal
2023-01-04 02:20:00,20.56,89.06,53.44,anomalous,anomalous,normal
2023-01-04 02:25:00,26.35,116.75,37.94,normal,anomalous,anomalous
2023-01-04 02:30:00,21.66,101.85,37.96,anomalous,normal,anomalous
2023-01-04 02:35:00,20.5,100.27,33.33,anomalous,normal,anomalous
2023-01-04 02:40:00,21.47,97.0,38.35,anomalous,normal,anomalous
2023-01-04 02:45:00,21.82,99.43,64.02,anomalous,normal,normal
2023-01-04 02:50:00,21.55,94.33,79.49,anomalous,normal,anomalous
2023-01-04 02:55:00,25.78,86.67,62.57,normal,anomalous,normal
2023-01-04 03:00:00,31.14,94.92,63.24,normal,normal,normal
2023-01-04 03:05:00,34.82,88.5,76.66,normal,anomalous,anomalous
2023-01-04 03:10:00,33.93,88.12,42.76,normal,anomalous,normal
2023-01-04 03:15:00,24.76,100.86,68.36,anomalous,normal,normal
2023-01-04 03:20:00,38.08,108.84,76.42,anomalous,normal,anomalous
2023-01-04 03:25:00,38.36,112.44,36.3,anomalous,anomalous,anomalous
2023-01-04 03:30:00,33.29,115.88,63.56,normal,anomalous,normal
2023-01-04 03:35:00,34.27,101.96,72.86,normal,normal,anomalous
2023-01-04 03:40:00,23.91,108.63,60.52,anomalous,normal,normal
2023-01-04 03:45:00,25.57,104.85,73.17,normal,normal,anomalous
2023-01-04 03:50:00,24.32,97.23,75.61,anomalous,normal,anomalous
2023-01-04 03:55:00,22.21,94.2,71.5,anomalous,normal,anomalous
2023-01-04 04:00:00,25.11,81.38,68.6,normal,anomalous,normal
2023-01-04 04:05:00,37.26,95.55,52.82,anomalous,normal,normal
2023-01-04 04:10:00,27.03,95.62,66.2,normal,normal,normal
2023-01-04 04:15:00,33.2,85.16,67.96,normal,anomalous,normal
2023-01-04 04:20:00,38.25,86.12,55.44,anomalous,anomalous,normal
2023-01-04 04:25:00,30.01,92.89,73.83,normal,normal,anomalous
2023-01-04 04:30:00,37.32,111.64,77.54,anomalous,anomalous,anomalous
2023-01-04 04:35:00,21.63,103.23,40.14,anomalous,normal,normal
2023-01-04 04:40:00,28.02,87.6,66.79,normal,anomalous,normal
2023-01-04 04:45:00,28.83,104.64,76.06,normal,normal,anomalous
2023-01-04 04:50:00,21.52,90.93,38.48,anomalous,normal,anomalous
2023-01-04 04:55:00,29.02,90.81,63.41,normal,normal,normal
2023-01-04 05:00:00,31.58,102.62,66.8,normal,normal,normal
2023-01-04 05:05:00,37.95,97.05,79.35,anomalous,normal,anomalous
2023-01-04 05:10:00,32.24,91.89,79.25,normal,normal,anomalous
2023-01-04 05:15:00,30.04,90.01,53.03,normal,normal,normal
2023-01-04 05:20:00,37.64,98.88,32.11,anomalous,normal,anomalous
2023-01-04 05:25:00,32.49,85.41,63.21,normal,anomalous,normal
2023-01-04 05:30:00,23.97,118.53,69.24,anomalous,anomalous,normal
2023-01-04 05:35:00,38.34,93.42,30.56,anomalous,normal,anomalous
2023-01-04 05:40:00,27.6,104.5,36.37,normal,normal,anomalous
2023-01-04 05:45:00,29.04,92.76,59.92,normal,normal,normal
2023-01-04 05:50:00,38.51,90.62,53.75,anomalous,normal,normal
2023-01-04 05:55:00,38.43,117.55,65.04,anomalous,anomalous,normal
2023-01-04 06:00:00,35.24,100.14,70.04,anomalous,normal,anomalous
2023-01-04 06:05:00,28.97,87.74,45.04,normal,anomalous,normal
2023-01-04 06:10:00,26.1,92.97,54.99,normal,normal,normal
2023-01-04 06:15:00,31.42,90.76,45.24,normal,normal,normal
2023-01-04 06:20:00,29.69,82.4,35.85,normal,anomalous,anomalous
2023-01-04 06:25:00,23.44,86.24,74.13,anomalous,anomalous,anomalous
2023-01-04 06:30:00,27.86,117.69,67.11,normal,anomalous,normal
2023-01-04 06:35:00,35.76,112.42,40.12,anomalous,anomalous,normal
2023-01-04 06:40:00,34.34,117.93,62.43,normal,anomalous,normal
2023-01-04 06:45:00,23.59,100.32,34.75,anomalous,normal,anomalous
2023-01-04 06:50:00,27.24,86.99,30.98,normal,anomalous,anomalous
2023-01-04 06:55:00,36.94,86.94,54.14,anomalous,anomalous,normal
2023-01-04 07:00:00,34.57,95.11,79.36,normal,normal,anomalous
2023-01-04 07:05:00,20.71,91.83,58.77,anomalous,normal,normal
2023-01-04 07:10:00,31.48,108.99,35.62,normal,normal,anomalous
2023-01-04 07:15:00,38.84,107.98,59.23,anomalous,normal,normal
2023-01-04 07:20:00,22.05,100.61,71.62,anomalous,normal,anomalous
2023-01-04 07:25:00,24.08,82.24,47.36,anomalous,anomalous,normal
2023-01-04 07:30:00,30.14,80.79,39.27,normal,anomalous,anomalous
2023-01-04 07:35:00,26.96,84.07,68.31,normal,anomalous,normal
2023-01-04 07:40:00,36.48,110.95,50.71,anomalous,anomalous,normal
2023-01-04 07:45:00,33.7,102.55,67.12,normal,normal,normal
2023-01-04 07:50:00,23.34,103.1,35.54,anomalous,normal,anomalous
2023-01-04 07:55:00,38.78,114.99,44.4,anomalous,anomalous,normal
2023-01-04 08:00:00,36.79,112.0,66.6,anomalous,anomalous,normal
2023-01-04 08:05:00,21.39,119.59,74.02,anomalous,anomalous,anomalous
2023-01-04 08:10:00,29.36,119.69,39.44,normal,anomalous,anomalous
2023-01-04 08:15:00,22.96,90.95,48.76,anomalous,normal,normal
2023-01-04 08:20:00,22.21,89.4,69.25,anomalous,anomalous,normal
2023-01-04 08:25:00,21.63,91.28,71.58,anomalous,normal,anomalous
2023-01-04 08:30:00,30.76,91.97,59.09,normal,normal,normal
2023-01-04 08:35:00,30.79,116.08,71.15,normal,anomalous,anomalous
2023-01-04 08:40:00,26.18,108.95,78.22,normal,normal,anomalous
2023-01-04 08:45:00,35.15,105.75,76.81,anomalous,normal,anomalous
2023-01-04 08:50:00,30.05,114.26,72.16,normal,anomalous,anomalous
2023-01-04 08:55:00,35.62,115.27,74.48,anomalous,anomalous,anomalous
2023-01-04 09:00:00,36.57,91.5,76.0,anomalous,normal,anomalous
2023-01-04 09:05:00,29.52,112.92,77.82,normal,anomalous,anomalous
2023-01-04 09:10:00,35.86,84.78,52.51,anomalous,anomalous,normal
2023-01-04 09:15:00,21.34,113.28,43.69,anomalous,anomalous,normal
2023-01-04 09:20:00,28.62,119.98,32.41,normal,anomalous,anomalous
2023-01-04 09:25:00,25.44,117.02,59.59,normal,anomalous,normal
2023-01-04 09:30:00,32.85,84.3,65.58,normal,anomalous,normal
2023-01-04 09:35:00,32.91,89.08,75.99,normal,anomalous,anomalous
2023-01-04 09:40:00,29.32,106.28,34.02,normal,normal,anomalous
2023-01-04 09:45:00,24.89,90.99,76.87,anomalous,normal,anomalous
2023-01-04 09:50:00,33.4,110.95,51.81,normal,anomalous,normal
2023-01-04 09:55:00,30.62,101.63,60.05,normal,normal,normal
2023-01-04 10:00:00,26.7,96.47,67.55,normal,normal,normal
2023-01-04 10:05:00,27.74,94.61,40.08,normal,normal,normal
2023-01-04 10:10:00,32.21,96.6,50.95,normal,normal,normal
2023-01-04 10:15:00,38.25,92.7,35.58,anomalous,normal,anomalous
2023-01-04 10:20:00,36.22,101.06,30.35,anomalous,normal,anomalous
2023-01-04 10:25:00,27.51,94.47,64.43,normal,normal,normal
2023-01-04 10:30:00,22.82,117.18,75.85,anomalous,anomalous,anomalous
2023-01-04 10:35:00,38.11,98.33,78.34,anomalous,normal,anomalous
2023-01-04 10:40:00,20.19,87.75,43.21,anomalous,anomalous,normal
2023-01-04 10:45:00,29.91,101.36,34.79,normal,normal,anomalous
2023-01-04 10:50:00,38.64,112.75,50.88,anomalous,anomalous,normal
2023-01-04 10:55:00,39.72,109.03,57.36,anomalous,normal,normal
2023-01-04 11:00:00,38.78,103.67,77.07,anomalous,normal,anomalous
2023-01-04 11:05:00,35.97,111.5,72.28,anomalous,anomalous,anomalous
2023-01-04 11:10:00,24.67,95.94,68.69,anomalous,normal,normal
2023-01-04 11:15:00,34.21,106.53,45.34,normal,normal,normal
